in1,nombre,prov,zona
06014,Adolfo Gonzales Chaves,06,XII
30015,Concordia,30,VIII
30035,Federal,30,VIII
30056,Gualeguaychú,30,VIII
30063,Islas del Ibicuy,30,VIII
30105,Victoria,30,VIII
30021,Diamante,30,VIII
30098,Uruguay,30,VIII
30084,Paraná,30,VIII
06707,Saladillo,06,X
06455,Las Flores,06,XIV
06686,Rojas,06,VII
06252,Escobar,06,VII
06412,José C. Paz,06,VII
06056,Bahía Blanca,06,XI
06735,San Antonio de Areco,06,VII
06511,Maipú,06,XIV
06280,General Alvarado,06,XII
06357,General Pueyrredón,06,XII
06518,Mar Chiquita,06,XII
06868,Villa Gesell,06,XII
06644,Pinamar,06,XIV
06336,General Lavalle,06,XIV
06420,La Costa,06,XIV
06505,Magdalena,06,VII
18175,Sauce,18,XV
06861,Vicente López,06,
66098,La Viña,66,I
06672,Rauch,06,XIV
66112,Metán,66,I
66119,Molinos,66,
22112,O'Higgins,22,II
06560,Moreno,06,VII
06427,La Matanza,06,
06791,Tandil,06,XII
06203,Coronel Suárez,06,XI
46035,Chamical,46,
26035,Futaleufú,26,
78049,Río Chico,78,
62077,San Antonio,62,
86014,Alberdi,86,II
86098,Juan Felipe Ibarra,86,II
86077,General Taboada,86,II
06721,Salliqueló,06,IX
06091,Berazategui,06,
66049,General Güemes,66,I
66154,San Carlos,66,
06343,General Paz,06,XIV
06308,General Guido,06,XIV
06315,General Juan Madariaga,06,XIV
78028,Lago Argentino,78,
86154,Rivadavia,86,II
86126,Ojo de Agua,86,II
86063,Choya,86,I
74042,Gobernador Dupuy,74,XIII
66014,Cachi,66,
66042,Chicoana,66,
26042,Gaiman,26,
26077,Rawson,26,
46077,General Lamadrid,46,
74007,Ayacucho,74,XIII
22036,12 de Octubre,22,II
14175,Tulumba,14,III
14028,Cruz del Eje,14,III
14091,Punilla,14,III
02042,Comuna 6,02,
50112,Santa Rosa,50,
22063,General Güemes,22,II
46084,General Ortiz de Ocampo,46,
14035,General Roca,14,IV
34042,Pilagás,34,II
34021,Laishi,34,II
50084,Rivadavia,50,
06819,Tornquist,06,XI
50042,La Paz,50,
06196,Coronel Pringles,06,XII
62028,Conesa,62,
06875,Villarino,06,XI
34056,Pirané,34,II
06351,General Pinto,06,IX
06742,San Cayetano,06,XII
06833,Tres Arroyos,06,XII
06189,Coronel Dorrego,06,XII
06581,Necochea,06,XII
46105,Independencia,46,
06218,Chascomús,06,XIV
06655,Punta Indio,06,XIV
38014,El Carmen,38,I
14147,Santa María,14,III
62084,Valcheta,62,
46007,Arauco,46,
06466,Lezama,06,XIV
06126,Campana,06,VII
78042,Magallanes,78,
78007,Corpen Aike,78,
14070,Minas,14,III
14126,San Alberto,14,III
14119,Río Segundo,14,VI
14140,San Justo,14,III
14182,Unión,14,VI
14161,Tercero Arriba,14,VI
66035,Cerrillos,66,I
14098,Río Cuarto,14,IV
50126,Tupungato,50,
62049,9 de Julio,62,
62056,Ñorquinco,62,
50105,San Rafael,50,
66007,Anta,66,I
58098,Picún Leufú,58,
58112,Zapala,58,
62091,25 de Mayo,62,
26105,Telsen,26,
62070,Pilcaniyeu,62,
06007,Adolfo Alsina,06,XI
50014,General Alvear,50,
66077,La Caldera,66,I
22154,Sargento Cabral,22,II
06616,Pellegrini,06,IX
58007,Aluminé,58,
66070,Iruya,66,I
58056,Lácar,58,
10063,Fray Mamerto Esquiú,10,I
10112,Valle Viejo,10,I
18133,San Cosme,18,XV
26091,Sarmiento,26,
02007,Comuna 1,02,
02028,Comuna 4,02,
62035,El Cuy,62,
50049,Las Heras,50,
22161,Tapenagá,22,II
50056,Lavalle,50,
50077,Malargüe,50,
14084,Presidente Roque Sáenz Peña,14,IV
58021,Catán Lil,58,
22119,Presidencia de la Plaza,22,II
02035,Comuna 5,02,
18049,Esquina,18,XV
94015,Ushuaia,94,
10028,Antofagasta de la Sierra,10,
06245,Ensenada,06,
90084,Capital,90,I
82007,Belgrano,82,VI
06623,Pergamino,06,VII
06651,Puán,06,XI
06392,General Villegas,06,IX
02084,Comuna 12,02,
82049,General Obligado,82,V
82133,Vera,82,V
82077,9 de Julio,82,V
62007,Adolfo Alsina,62,
22133,Quitilipi,22,II
78021,Güer Aike,78,
10042,Capayán,10,
90007,Burruyacú,90,I
82105,San Jerónimo,82,VI
22070,Independencia,22,II
18035,Curuzú Cuatiá,18,XV
50063,Luján de Cuyo,50,
10105,Tinogasta,10,
02049,Comuna 7,02,
42077,Hucal,42,XI
18077,Itatí,18,XV
02070,Comuna 10,02,
42014,Caleu Caleu,42,XI
42084,Lihuel Calel,42,XI
42042,Curacó,42,
58035,Confluencia,58,
58105,Picunches,58,
58014,Añelo,58,
58063,Loncopué,58,
58084,Ñorquín,58,
58091,Pehuenches,58,
02077,Comuna 11,02,
54084,Montecarlo,54,XV
54042,Eldorado,54,XV
54112,San Pedro,54,XV
94028,Antártida Argentina,94,
58077,Minas,58,
58042,Chos Malal,58,
26014,Cushamen,26,
78035,Lago Buenos Aires,78,
62063,Pichi Mahuida,62,
86175,San Martín,86,II
38112,Yavi,38,
38077,Santa Catalina,38,
38063,San Pedro,38,I
38105,Valle Grande,38,I
34035,Patiño,34,II
34007,Bermejo,34,II
38084,Susques,38,
34028,Matacos,34,II
66105,Los Andes,66,
66126,Orán,66,I
38094,Tilcara,38,
38042,Palpalá,38,I
42098,Loventué,42,
26084,Río Senguer,26,
62021,Bariloche,62,
58049,Huiliches,58,
42091,Limay Mahuida,42,
42112,Puelén,42,
42049,Chalileo,42,
42063,Chical Co,42,
86140,Quebrachos,86,II
18112,Monte Caseros,18,XV
22098,Mayor Luis J. Fontana,22,II
22043,Fray Justo Santa María de Oro,22,II
46063,General Belgrano,46,
82070,Las Colonias,82,V
82112,San Justo,82,V
82091,San Cristóbal,82,V
82098,San Javier,82,V
42056,Chapaleufú,42,IX
42133,Realicó,42,IX
42105,Maracó,42,IX
42147,Trenel,42,IX
86056,Copo,86,II
42021,Capital,42,IX
38070,Santa Bárbara,38,I
22007,Almirante Brown,22,II
66140,Rosario de la Frontera,66,I
58028,Collón Curá,58,
02021,Comuna 3,02,
06749,San Fernando,06,
06805,Tigre,06,
10091,Santa María,10,
10098,Santa Rosa,10,I
10070,La Paz,10,I
86147,Río Hondo,86,I
46098,Vinchina,46,
46014,Capital,46,
14112,Río Seco,14,III
62014,Avellaneda,62,
62042,General Roca,62,
74014,Belgrano,74,XIII
58070,Los Lagos,58,
10049,Capital,10,I
10014,Ancasti,10,I
10084,Pomán,10,
02014,Comuna 2,02,
22105,9 de Julio,22,II
14077,Pocho,14,III
06270,Ezeiza,06,
10021,Andalgalá,10,
10007,Ambato,10,
02056,Comuna 8,02,
86084,Guasayán,86,I
10077,Paclín,10,I
10056,El Alto,10,I
14154,Sobremonte,14,III
94008,Río Grande,94,
02091,Comuna 13,02,
86035,Banda,86,II
26070,Paso de Indios,26,
14014,Capital,14,III
26063,Mártires,26,
86182,Sarmiento,86,II
78014,Deseado,78,
26056,Languiñeo,26,
86042,Belgrano,86,II
86007,Aguirre,86,II
22091,Maipú,22,II
50091,San Carlos,50,
50119,Tunuyán,50,
86161,Robles,86,II
86105,Loreto,86,I
42028,Catriló,42,IX
86049,Capital,86,I
02098,Comuna 14,02,
30008,Colón,30,VIII
30113,Villaguay,30,VIII
06168,Castelli,06,XIV
30088,San Salvador,30,VIII
10035,Belén,10,
06028,Almirante Brown,06,
30077,Nogoyá,30,VIII
30091,Tala,30,VIII
30049,Gualeguay,30,VIII
30028,Federación,30,VIII
30070,La Paz,30,VIII
30042,Feliciano,30,VIII
06648,Presidente Perón,06,
06413,Junín,06,VII
06119,Brandsen,06,XIV
06224,Chivilcoy,06,VII
06021,Alberti,06,VII
06112,Bragado,06,VII
06329,General Las Heras,06,VII
06147,Carlos Casares,06,X
06525,Marcos Paz,06,VII
06385,General Viamonte,06,VII
06154,Carlos Tejedor,06,IX
06854,25 de Mayo,06,X
06588,9 de Julio,06,X
06609,Pehuajó,06,IX
06798,Tapalqué,06,X
06826,Trenque Lauquen,06,IX
06301,General Belgrano,06,XIV
06547,Monte,06,XIV
06693,Roque Pérez,06,X
06595,Olavarría,06,X
06539,Merlo,06,
54014,Cainguás,54,XV
94021,Islas del Atlántico Sur,94,
06260,Esteban Echeverría,06,
06077,Arrecifes,06,VII
06140,Capitán Sarmiento,06,VII
38021,Dr. Manuel Belgrano,38,
06161,Carmen de Areco,06,VII
06714,Salto,06,VII
06266,Exaltación de la Cruz,06,VII
06760,San Miguel,06,
06728,San Andrés de Giles,06,VII
06532,Mercedes,06,VII
06638,Pilar,06,VII
06497,Luján,06,VII
90028,Famaillá,90,I
06408,Hurlingham,06,
06568,Morón,06,
06210,Chacabuco,06,VII
50035,Junín,50,
06515,Malvinas Argentinas,06,
06847,Tres Lomas,06,IX
06042,Ayacucho,06,XIV
06399,Guaminí,06,IX
06371,General San Martín,06,
06469,Lincoln,06,VII
06448,Laprida,06,XII
06756,San Isidro,06,
06084,Benito Juárez,06,XII
06175,Colón,06,VII
06410,Ituzaingó,06,
06364,General Rodríguez,06,VII
06784,Suipacha,06,VII
06840,Tres de Febrero,06,
46028,General Felipe Varela,46,
06274,Florencio Varela,06,
06574,Navarro,06,VII
06134,Cañuelas,06,VII
86119,Moreno,86,II
22028,Chacabuco,22,II
06778,San Vicente,06,VII
06483,Lobos,06,XIV
06287,General Alvear,06,X
06658,Quilmes,06,
06630,Pila,06,XIV
06322,General La Madrid,06,XII
06105,Bolívar,06,X
46021,Castro Barros,46,
06063,Balcarce,06,XII
06406,Hipólito Yrigoyen,06,X
50007,Capital,50,
06238,Dolores,06,XIV
06049,Azul,06,X
06231,Daireaux,06,IX
50021,Godoy Cruz,50,
66021,Cafayate,66,
86070,Figueroa,86,II
06700,Saavedra,06,XI
06553,Monte Hermoso,06,XII
06476,Lobería,06,XII
06098,Berisso,06,
06812,Tordillo,06,XIV
06882,Zárate,06,VII
06665,Ramallo,06,VII
06763,San Nicolás,06,VII
86168,Salavina,86,II
86133,Pellegrini,86,II
86028,Avellaneda,86,II
22039,2 de Abril,22,II
50028,Guaymallén,50,
14056,Juárez Celman,14,IV
66028,Capital,66,I
86189,Silípica,86,II
66084,La Candelaria,66,I
42126,Rancul,42,IX
50070,Maipú,50,
66063,Guachipas,66,I
42007,Atreucó,42,XI
50098,San Martín,50,
42070,Guatraché,42,XI
46126,Sanagasta,46,
42035,Conhelo,42,IX
54077,Libertador General San Martín,54,XV
46112,Rosario Vera Peñaloza,46,
18154,San Miguel,18,XV
46070,General Juan Facundo Quiroga,46,
46056,Ángel Vicente Peñaloza,46,
18042,Empedrado,18,XV
46042,Chilecito,46,
42140,Toay,42,IX
14021,Colón,14,III
18084,Ituzaingó,18,XV
46049,Famatina,46,
82042,General López,82,VII
82028,Constitución,82,VI
82014,Caseros,82,VI
82084,Rosario,82,VI
82119,San Lorenzo,82,VI
82056,Iriondo,82,VI
06434,Lanús,06,
46091,General San Martín,46,
46119,San Blas de Los Sauces,46,
38056,San Antonio,38,
38049,Rinconada,38,
34063,Ramón Lista,34,II
66091,La Poma,66,
26007,Biedma,26,
18021,Capital,18,XV
18140,San Luis del Palmar,18,XV
34014,Formosa,34,II
34049,Pilcomayo,34,II
26098,Tehuelches,26,
26021,Escalante,26,
14049,Ischilín,14,III
14168,Totoral,14,III
14042,General San Martín,14,VI
14133,San Javier,14,III
14105,Río Primero,14,III
14063,Marcos Juárez,14,VI
22056,General Donovan,22,II
06462,Leandro N. Alem,06,VII
22084,Libertador General San Martín,22,II
26049,Gastre,26,
06294,General Arenales,06,VII
22014,Bermejo,22,II
14007,Calamuchita,14,III
90014,Cruz Alta,90,I
90063,Lules,90,I
90119,Yerba Buena,90,I
90105,Tafí Viejo,90,I
74063,Libertador General San Martín,74,XIII
74021,Coronel Pringles,74,XIII
74028,Chacabuco,74,XIII
06679,Rivadavia,06,IX
06602,Patagones,06,XI
74056,Juan Martín de Pueyrredón,74,XIII
74035,General Pedernera,74,XIII
90112,Trancas,90,I
90098,Tafí del Valle,90,I
02063,Comuna 9,02,
74049,Junín,74,XIII
86112,Mitre,86,II
86021,Atamisqui,86,II
18014,Berón de Astrada,18,XV
94011,Tolhuin,94,
54028,Capital,54,XV
54021,Candelaria,54,XV
86091,Jiménez,86,II
06182,Coronel de Marina Leonardo Rosales,06,XI
06070,Baradero,06,VII
06770,San Pedro,06,VII
66161,Santa Victoria,66,I
66056,General José de San Martín,66,I
66133,Rivadavia,66,I
66147,Rosario de Lerma,66,
38035,Ledesma,38,I
38028,Humahuaca,38,
38007,Cochinoca,38,
38098,Tumbaya,38,
06277,Florentino Ameghino,06,IX
26028,Florentino Ameghino,26,
90049,La Cocha,90,I
90035,Graneros,90,I
90042,Juan Bautista Alberdi,90,I
90077,Río Chico,90,I
90091,Simoca,90,I
90021,Chicligasta,90,I
90070,Monteros,90,I
90056,Leales,90,I
82126,San Martín,82,VI
82063,La Capital,82,V
54049,General Manuel Belgrano,54,XV
54056,Guaraní,54,XV
54063,Iguazú,54,XV
54119,25 de Mayo,54,XV
54091,Oberá,54,XV
82021,Castellanos,82,V
82035,Garay,82,V
42119,Quemú Quemú,42,IX
54098,San Ignacio,54,XV
42154,Utracán,42,XI
18147,San Martín,18,XV
18119,Paso de los Libres,18,XV
18070,Goya,18,XV
18091,Lavalle,18,XV
18161,San Roque,18,XV
18056,General Alvear,18,XV
18028,Concepción,18,XV
18007,Bella Vista,18,XV
18168,Santo Tomé,18,XV
18126,Saladas,18,XV
18063,General Paz,18,XV
54070,Leandro N. Alem,54,XV
54105,San Javier,54,XV
18098,Mburucuyá,18,XV
54035,Concepción,54,XV
54007,Apóstoles,54,XV
22126,1° de Mayo,22,II
22140,San Fernando,22,II
22147,San Lorenzo,22,II
06490,Lomas de Zamora,06,
06035,Avellaneda,06,
22168,25 de Mayo,22,II
22049,General Belgrano,22,II
22077,Libertad,22,II
22021,Comandante Fernández,22,II
02105,Comuna 15,02,
70042,Chimbas,70,
70028,Capital,70,
70084,Rivadavia,70,
70063,9 de Julio,70,
70007,Albardón,70,
70014,Angaco,70,
70098,Santa Lucía,70,
70077,Rawson,70,
70126,25 de Mayo,70,
70091,San Martín,70,
70070,Pocito,70,
70133,Zonda,70,
70112,Ullum,70,
70105,Sarmiento,70,
70021,Calingasta,70,
70049,Iglesia,70,
70056,Jáchal,70,
70119,Valle Fértil,70,
70035,Caucete,70,
06441,La Plata,06,VII
18105,Mercedes,18,XV
